Symbol,Series,Date,Prev Close,Open Price,High Price,Low Price,Last Price,Close Price,Average Price
HDFC,EQ,10-Dec-18,1951.35,1924.35,1939.9,1901.25,1905,1906.5,1917.18
HDFC,EQ,11-Dec-18,1906.5,1878,1912.65,1855.25,1904,1905.25,1885.14
HDFC,,12-Dec-18,1905.25,1912,1946.8,1904.25,1937,1940.2,1923.88
HDFC,,13-Dec-18,1940.2,1945,1961.9,1927.9,1941.45,1942.05,1943.93
HDFC,,14-Dec-18,1942.05,1945,1955,1898.05,1909.6,,1913.13
HDFC,,17-Dec-18,1904.1,1915,1963.4,1913.7,1963,,1942.9
HDFC,,18-Dec-18,1960.35,1955,1957.9,1932.5,1949.05,,1943.92
HDFC,EQ,19-Dec-18,1952,1954,1985.5,1948.55,1979.8,,1973.76
HDFC,EQ,20-Dec-18,1981.7,1970,1982,1943.05,1977,,1960.03
HDFC,EQ,21-Dec-18,1974.7,1974.8,1979.6,1930,1943.45,,1951.03
HDFC,EQ,24-Dec-18,1948.6,1955,1955,1898,1906.75,,1925.72
HDFC,EQ,26-Dec-18,1902.15,1896,1944.7,1883.2,1938,1933.35,1910.4
HDFC,EQ,27-Dec-18,1933.35,1948.45,1955,1930,1946.3,1948.85,1943.86
HDFC,EQ,28-Dec-18,1948.85,1959,1990,1952,1978.15,1979.95,1981.67
HDFC,EQ,31-Dec-18,1979.95,1988,1989.75,1961.55,1965,1968.35,1971.07
HDFC,EQ,1-Jan-19,1968.35,1968,2014.7,1954.5,2010,2009,1990.57
HDFC,EQ,2-Jan-19,2009,2004.7,2009,1961,1983,1980.65,1984.08
HDFC,EQ,3-Jan-19,1980.65,1984.05,1987.1,1931.85,1937,1936.85,1950.27
HDFC,EQ,4-Jan-19,1936.85,1948,1976,1942,1973,1972.6,1957.64
HDFC,EQ,7-Jan-19,1972.6,1976.95,1987.5,1963.95,1974,1972.9,1975.79
HDFC,EQ,8-Jan-19,1972.9,1983,1983,1948,1955.85,1958.95,1959.5
HDFC,EQ,9-Jan-19,1958.95,1962,1998,1962,1991.3,1994.95,1980.98
HDFC,EQ,10-Jan-19,1994.95,1993,1993,1971.3,1976,1980.1,1980.17
HDFC,EQ,11-Jan-19,1980.1,1978,2007.7,1972.4,1990.25,1991.4,1989.68
HDFC,EQ,14-Jan-19,1991.4,1983,1983.15,1949.6,1969.25,1969.2,1962.84
HDFC,EQ,15-Jan-19,1969.2,1975.2,1996,1964,1988.4,1992.15,1982.27
HDFC,EQ,16-Jan-19,1992.15,1989,1994.75,1965.5,1976.9,1975,1976.96
HDFC,EQ,17-Jan-19,1975,1982.75,2007,1979.05,2000.2,2004.55,1994.18
HDFC,EQ,18-Jan-19,2004.55,2004,2012.6,1989.25,2000.05,2006.85,2001.77
HDFC,EQ,21-Jan-19,2006.85,1998,2016,1983.2,2005,2004.45,2002.93
HDFC,EQ,22-Jan-19,2004.45,1999,2002.15,1968.5,1981.3,1979.4,1978.04
HDFC,EQ,23-Jan-19,1979.4,1981.8,1984.95,1951.3,1957.25,1958.25,1963.4
HDFC,EQ,24-Jan-19,1958.25,1960,1976,1942.15,1972.5,1971.1,1956.37
HDFC,EQ,25-Jan-19,1971.1,1964.4,1993,1963.95,1973.35,1977.8,1982.39
HDFC,EQ,28-Jan-19,1977.8,1978.7,1982.2,1938.1,1951,1946.9,1953.84
HDFC,EQ,29-Jan-19,1946.9,1943.7,1949.9,1893.3,1928.5,1922.3,1924.99
HDFC,EQ,30-Jan-19,1922.3,1924.6,1929.3,1869.5,1878.9,1885.8,1885.95
HDFC,EQ,31-Jan-19,1885.8,1883,1941.2,1877.3,1919,1922.35,1909.13
HDFC,EQ,1-Feb-19,1922.35,1929,1974.45,1925.1,1963.7,1961.25,1955.77
HDFC,EQ,4-Feb-19,1961.25,1959.9,1981.95,1942,1975,1978.5,1964.33
HDFC,EQ,5-Feb-19,1978.5,1979.8,1985,1962.25,1980,1981.4,1974.51
HDFC,EQ,6-Feb-19,1981.4,1983.6,1994.9,1975.5,1990,1987.95,1988.96
HDFC,EQ,7-Feb-19,1987.95,1990.05,1991.95,1962.55,1965.5,1969.65,1976.27
HDFC,EQ,8-Feb-19,1969.65,1963.1,1968.6,1936.85,1939.6,1944.65,1956.33
HDFC,BL,11-Feb-19,1257.7,1944.65,1944.65,1944.65,1944.65,1944.65,1944.65
HDFC,EQ,11-Feb-19,1944.65,1943.9,1959,1935.6,1951.25,1948.2,1947.12
HDFC,EQ,12-Feb-19,1948.2,1950,1956.4,1901.15,1904.5,1905.05,1924.17
HDFC,EQ,13-Feb-19,1905.05,1907.1,1943,1907.1,1920.75,1930.5,1928.38
HDFC,EQ,14-Feb-19,1930.5,1921,1929.25,1893.85,1905.45,1900.7,1910.35
HDFC,EQ,15-Feb-19,1900.7,1900.6,1900.6,1856.5,1877.25,1874.9,1872.23
HDFC,BL,18-Feb-19,1944.65,1874.9,1874.9,1874.9,1874.9,1874.9,1874.9
HDFC,EQ,18-Feb-19,1874.9,1877.3,1893,1864.05,1873.8,1874.85,1874.84
HDFC,EQ,19-Feb-19,1874.85,1870,1888.5,1844.25,1849.25,1853.45,1869.81
HDFC,EQ,20-Feb-19,1853.45,1865,1874.95,1858,1869,1870.5,1866.82
HDFC,EQ,21-Feb-19,1870.5,1871,1894.7,1865.1,1890.45,1891.45,1881.67
HDFC,EQ,22-Feb-19,1891.45,1893.95,1899,1877.5,1887,1887.4,1888.58
HDFC,BL,25-Feb-19,1874.9,1887.4,1887.4,1887.4,1887.4,1887.4,1887.4
HDFC,EQ,25-Feb-19,1887.4,1897.9,1897.9,1871.5,1896.9,1894.5,1886.54
HDFC,EQ,26-Feb-19,1894.5,1874,1894.65,1850,1856,1853.65,1865.27
HDFC,EQ,27-Feb-19,1853.65,1868,1870,1820,1840.5,1841,1845.85
HDFC,EQ,28-Feb-19,1841,1849,1853.65,1834.6,1841.8,1841.2,1841.82
HDFC,EQ,1-Mar-19,1841.2,1850.4,1863.4,1838.3,1859.8,1859.45,1851.62
HDFC,EQ,5-Mar-19,1859.45,1856.8,1868.4,1838.55,1860.05,1860,1857.2
HDFC,EQ,6-Mar-19,1860,1864.7,1889.5,1858.8,1886,1885.2,1873.84
HDFC,EQ,7-Mar-19,1885.2,1892,1892,1865.2,1879,1880.2,1878.9
HDFC,EQ,8-Mar-19,1880.2,1879,1888,1871.1,1886.3,1884.05,1879.97
HDFC,EQ,11-Mar-19,1884.05,1886.35,1903.8,1884,1902.8,1897.55,1895.34
HDFC,EQ,12-Mar-19,1897.55,1914.9,1936.65,1900.1,1926.25,1930,1915.08
HDFC,EQ,13-Mar-19,1930,1939,1964.4,1923.4,1948.2,1950.65,1946.93
HDFC,EQ,14-Mar-19,1950.65,1971.8,1975.1,1949.3,1961.1,1956.95,1959.13
HDFC,EQ,15-Mar-19,1956.95,1960,1991.7,1955.9,1976.8,1974.65,1972.9
HDFC,EQ,18-Mar-19,1974.65,1982,1994.95,1953.1,1967,1962.4,1968.65
HDFC,EQ,19-Mar-19,1962.4,1972.9,1978.55,1962.1,1967,1967.85,1968.78
HDFC,EQ,20-Mar-19,1967.85,1975,1998,1968.1,1985,1987.55,1984.87
HDFC,BL,22-Mar-19,1887.4,1987.55,1987.55,1987.55,1987.55,1987.55,1987.55
HDFC,EQ,22-Mar-19,1987.55,1998,2010,1970.6,1988,1981.55,1991.26
HDFC,EQ,25-Mar-19,1981.55,1976.9,1976.9,1938.2,1944.65,1945.65,1952.32
HDFC,EQ,26-Mar-19,1945.65,1950.4,1953.35,1930.85,1948.2,1946.3,1944.21
HDFC,EQ,27-Mar-19,1946.3,1955.55,1959,1906,1914.1,1919.9,1937.71
HDFC,EQ,28-Mar-19,1919.9,1917,1950,1912.05,1942.1,1944.45,1942.93
HDFC,EQ,29-Mar-19,1944.45,1950.05,1972.25,1936.05,1964,1968.25,1956.38
HDFC,EQ,1-Apr-19,1968.25,1968.1,1975,1945.05,1951,1959.65,1960.06
HDFC,EQ,2-Apr-19,1959.65,1966.1,2001,1955,1998.95,1995.95,1979.73
HDFC,EQ,3-Apr-19,1995.95,2004,2032.45,1997.15,2008.75,2013.1,2019.73
HDFC,EQ,4-Apr-19,2013.1,2008,2058.8,2006.3,2041.9,2042.05,2037.46
HDFC,EQ,5-Apr-19,2042.05,2045,2065,2035,2064.5,2059.2,2055.28
HDFC,EQ,8-Apr-19,2059.2,2068,2072.5,2029.25,2052,2054.9,2048.64
HDFC,EQ,9-Apr-19,2054.9,2062.5,2073,2039.15,2067,2069.15,2057.72
HDFC,EQ,10-Apr-19,2069.15,2067.5,2068,2025.1,2029.95,2029.25,2038.39
HDFC,EQ,11-Apr-19,2029.25,2028,2048,2017.5,2018.1,2022.8,2029.46
HDFC,EQ,12-Apr-19,2022.8,2024,2029.9,2008.1,2023,2024.95,2020.07
HDFC,EQ,15-Apr-19,2024.95,2034.9,2034.9,2010,2012,2014.25,2019.1
HDFC,EQ,16-Apr-19,2014.25,2019.7,2034.3,2016.1,2027.2,2026.7,2025.8
HDFC,EQ,18-Apr-19,2026.7,2040,2047.9,1998.15,2005,2003.75,2013.04
HDFC,EQ,22-Apr-19,2003.75,2005,2010,1948,1958.5,1953.9,1970.41
HDFC,EQ,23-Apr-19,1953.9,1958,1966.25,1929.6,1930,1934.7,1944.34
HDFC,EQ,24-Apr-19,1934.7,1943.9,1985,1933.25,1984.7,1980.4,1958.44
HDFC,EQ,25-Apr-19,1980.4,1987.55,1998.8,1946.55,1951.45,1955.15,1970.35
HDFC,EQ,26-Apr-19,1955.15,1959.3,1982.15,1941.6,1976.95,1977.4,1963.96
HDFC,EQ,30-Apr-19,1977.4,1977.4,1999.85,1954.2,1995.55,1995.05,1976.43
HDFC,EQ,2-May-19,1995.05,1995,2027.9,1989.25,2018,2017.4,2012.44
HDFC,EQ,3-May-19,2017.4,2017.5,2037.6,2000,2002.8,2006.4,2020.47
HDFC,EQ,6-May-19,2006.4,1987.25,1993.95,1957,1965.9,1965.45,1967.93
HDFC,EQ,7-May-19,1965.45,1974.8,2009.15,1959.2,1964.5,1966.3,1983.01
HDFC,EQ,8-May-19,1966.3,1964.5,1964.5,1925.05,1930.1,1930.75,1941.55
HDFC,EQ,9-May-19,1930.75,1926,1931.6,1901.3,1914.15,1914.6,1918.15
HDFC,EQ,10-May-19,1914.6,1915.25,1956,1910.75,1926.8,1931.7,1936.05
HDFC,EQ,13-May-19,1931.7,1926.1,1984.4,1917.85,1957,1952.9,1958.85
HDFC,EQ,14-May-19,1952.9,1961,1989.8,1924.25,1964.2,1965.2,1951.75
HDFC,EQ,15-May-19,1965.2,1975,1979.95,1937.5,1939.5,1944.95,1961.65
HDFC,EQ,16-May-19,1944.95,1954,1954,1923.3,1945.1,1942.1,1935.38
HDFC,EQ,17-May-19,1942.1,1941,1997.95,1938.55,1996,1993.65,1980.19
HDFC,EQ,20-May-19,1993.65,2030.5,2135.5,2030,2120.05,2122.5,2093.43
HDFC,EQ,21-May-19,2122.5,2141.2,2178.9,2104.1,2118,2114.5,2145.11
HDFC,EQ,22-May-19,2114.5,2124,2155.2,2119,2141.55,2138.8,2138.55
HDFC,EQ,23-May-19,2138.8,2174,2210,2103.3,2128.95,2114.4,2168.72
HDFC,EQ,24-May-19,2114.4,2125,2151.9,2095,2123,2123.4,2120.74
HDFC,EQ,27-May-19,2123.4,2129.95,2187.5,2116.2,2159.3,2165.3,2161.74
HDFC,EQ,28-May-19,2165.3,2167,2169.75,2114,2158,2147.85,2140.11
HDFC,EQ,29-May-19,2147.85,2150.1,2170,2135,2144,2147.45,2150.97
HDFC,EQ,30-May-19,2147.45,2141.4,2189.45,2130,2179.1,2184.4,2169.63
HDFC,EQ,31-May-19,2184.4,2190,2197,2140.05,2184,2182.65,2180.23
HDFC,EQ,3-Jun-19,2182.65,2200,2235,2192.7,2230.35,2230.45,2217.73
HDFC,EQ,4-Jun-19,2230.45,2220,2233.9,2209,2229.15,2223.95,2222.85
HDFC,EQ,6-Jun-19,2223.95,2230,2231,2171.65,2184,2183.45,2200.67
HDFC,EQ,7-Jun-19,2183.45,2190,2217.75,2168.4,2207,2210.85,2191.61
HDFC,EQ,10-Jun-19,2210.85,2215.25,2224.8,2175.45,2192,2194.05,2193.98
HDFC,EQ,11-Jun-19,2194.05,2202.25,2204,2181,2184.55,2189.85,2192.02
HDFC,EQ,12-Jun-19,2189.85,2187.5,2188.1,2162,2185,2181.95,2174.02
HDFC,EQ,13-Jun-19,2181.95,2180,2200.8,2161.35,2196,2197.5,2182.23
HDFC,EQ,14-Jun-19,2197.5,2204.5,2207.55,2177.15,2182.95,2185.85,2189.8
HDFC,EQ,17-Jun-19,2185.85,2193,2193,2164,2177,2173,2173.16
HDFC,EQ,18-Jun-19,2173,2178.9,2194.6,2134.65,2156,2153,2165.07
HDFC,EQ,19-Jun-19,2153,2160.05,2186.4,2158.55,2180.9,2175.4,2173.69
HDFC,EQ,20-Jun-19,2175.4,2174.1,2207.7,2165.65,2203,2199.25,2193.71
HDFC,EQ,21-Jun-19,2199.25,2200.8,2201.2,2135.9,2142.85,2140.8,2153.08
HDFC,EQ,24-Jun-19,2140.8,2136.1,2159,2133.5,2150,2148.9,2148.03
HDFC,EQ,25-Jun-19,2148.9,2147.9,2176.8,2138.1,2171,2172.8,2160.66
HDFC,EQ,26-Jun-19,2172.8,2165,2180.6,2153.7,2164.25,2168.1,2165.85
HDFC,EQ,27-Jun-19,2168.1,2166.5,2202.55,2166.05,2196.3,2195.45,2189.62
HDFC,EQ,28-Jun-19,2195.45,2196,2205,2177.65,2194.4,2192.1,2192.12
HDFC,EQ,1-Jul-19,2192.1,2197,2252.95,2192.3,2250.1,2245.9,2227.98
HDFC,EQ,2-Jul-19,2245.9,2256.8,2285,2240,2282,2281.25,2262.05
HDFC,EQ,3-Jul-19,2281.25,2280,2287,2257.2,2275.15,2277.2,2275.44
HDFC,EQ,4-Jul-19,2277.2,2277,2286.3,2265.1,2278.1,2280.25,2275.11
HDFC,EQ,5-Jul-19,2280.25,2281.25,2300.7,2266.6,2270,2278.9,2284.65
HDFC,EQ,8-Jul-19,2278.9,2269.9,2275.55,2243.3,2263.1,2259.95,2259.59
HDFC,EQ,9-Jul-19,2259.95,2248.85,2248.85,2197.25,2240,2232.8,2220.71
HDFC,EQ,10-Jul-19,2232.8,2232,2253.4,2220,2230.95,2227.75,2232.59
HDFC,EQ,11-Jul-19,2227.75,2240,2269.3,2231.1,2260.65,2261.9,2254.42
HDFC,EQ,12-Jul-19,2261.9,2270,2282,2250.75,2250.8,2257.8,2271.09
HDFC,EQ,15-Jul-19,2257.8,2255.9,2271,2236.4,2270,2265.35,2259.05
HDFC,EQ,16-Jul-19,2265.35,2270,2284.8,2256.95,2277.55,2277.55,2272.13
HDFC,EQ,17-Jul-19,2277.55,2277,2289.45,2277,2285.4,2286.7,2284.73
HDFC,EQ,18-Jul-19,2286.7,2287.95,2357.85,2285.55,2338,2345.15,2332.67
HDFC,EQ,19-Jul-19,2345.15,2332,2339,2292.8,2302,2303.55,2313.11
HDFC,EQ,22-Jul-19,2303.55,2287,2298,2180.2,2182.3,2186.9,2201.94
HDFC,EQ,23-Jul-19,2186.9,2181.4,2189.75,2126.05,2140,2138.5,2143.22
HDFC,EQ,24-Jul-19,2138.5,2140,2188.85,2140,2179.9,2184.25,2175.12
HDFC,EQ,25-Jul-19,2184.25,2184.1,2215.2,2161.3,2194,2195.35,2196.99
HDFC,EQ,26-Jul-19,2195.35,2193.75,2197.8,2159.4,2165,2165.75,2178.06
HDFC,EQ,29-Jul-19,2165.75,2162.8,2174.95,2110,2160,2149,2142.3
HDFC,EQ,30-Jul-19,2149,2150,2158.3,2113.35,2125.5,2127.25,2132.05
HDFC,EQ,31-Jul-19,2127.25,2110.25,2131.95,2107.7,2123.15,2121.8,2119.57
HDFC,EQ,1-Aug-19,2121.8,2115.2,2115.9,2063.8,2085.1,2086.8,2083.17
HDFC,EQ,2-Aug-19,2086.8,2075.25,2148.65,2039.35,2135.75,2124.8,2097.26
HDFC,EQ,5-Aug-19,2124.8,2115,2159.45,2107.75,2151.7,2152.35,2132.6
HDFC,EQ,6-Aug-19,2152.35,2146.05,2217.65,2136.55,2185.1,2189.9,2179.27
HDFC,EQ,7-Aug-19,2189.9,2189.8,2198.95,2161.7,2171,2175.2,2178.88
HDFC,EQ,8-Aug-19,2175.2,2183.9,2187.7,2152,2176.3,2182.3,2167.66
HDFC,EQ,9-Aug-19,2182.3,2192.7,2240,2178.75,2214,2211.65,2222.52
HDFC,EQ,13-Aug-19,2211.65,2196.1,2209.65,2092.45,2101.85,2100.1,2136.79
HDFC,EQ,14-Aug-19,2100.1,2129,2146,2105.25,2113.9,2117.7,2125.76
HDFC,EQ,16-Aug-19,2117.7,2160,2162,2092.5,2099,2100,2114.45
HDFC,EQ,19-Aug-19,2100,2114.45,2135,2098.1,2110.9,2114.05,2118.78
HDFC,EQ,20-Aug-19,2114.05,2112.35,2114.9,2075,2090.8,2090.1,2099.65
HDFC,EQ,21-Aug-19,2090.1,2096,2099.95,2062.95,2069,2066.9,2079.25
HDFC,EQ,22-Aug-19,2066.9,2066,2073.5,2007.95,2012.3,2014.1,2034.79
HDFC,EQ,23-Aug-19,2014.1,1999,2058.05,1973,2057.1,2043.75,2019.52
HDFC,EQ,26-Aug-19,2043.75,2088,2152.95,2060,2150,2148.35,2112.51
HDFC,EQ,27-Aug-19,2148.35,2158,2186.75,2144.7,2182.6,2174.3,2171.77
HDFC,EQ,28-Aug-19,2174.3,2174,2193.6,2155.75,2189.9,2187.15,2177.34
HDFC,EQ,29-Aug-19,2187.15,2176,2179,2120.4,2129.7,2128.45,2140.01
HDFC,EQ,30-Aug-19,2128.45,2137.7,2171.25,2118,2165,2166.45,2149.86
HDFC,EQ,3-Sep-19,2166.45,2141,2144.7,2083,2088.45,2089.9,2100.34
HDFC,EQ,4-Sep-19,2089.9,2091.65,2113.1,2072.7,2099.75,2100.1,2095.5
HDFC,EQ,5-Sep-19,2100.1,2100,2100,2040,2041,2044.15,2054.36
HDFC,EQ,6-Sep-19,2044.15,2056.45,2056.45,2023,2044,2041.45,2037.08
HDFC,EQ,9-Sep-19,2041.45,2044.45,2069.95,2029,2066.7,2064.25,2060.07
HDFC,EQ,11-Sep-19,2064.25,2072,2086.55,2053.1,2066,2071.85,2070.62
HDFC,EQ,12-Sep-19,2071.85,2085.45,2113.85,2076.85,2082.8,2082.75,2096.43
HDFC,EQ,13-Sep-19,2082.75,2079,2092.05,2063.7,2089.85,2083.85,2075.39
HDFC,EQ,16-Sep-19,2083.85,2080,2083,2038,2044.1,2046.75,2052.4
HDFC,EQ,17-Sep-19,2046.75,2041.9,2045.5,1976.2,1995.6,1996.25,2006.18
HDFC,EQ,18-Sep-19,1996.25,2010,2012.4,1982.4,1988.85,1988.3,1993.65
HDFC,EQ,19-Sep-19,1988.3,1988.3,2002.3,1964.1,1972.5,1974.6,1985.51
HDFC,EQ,20-Sep-19,1974.6,1983.9,2065,1960,2050.65,2049.3,2038.33
HDFC,BL,23-Sep-19,1987.55,2045,2045,2045,2045,2045,2045
HDFC,EQ,23-Sep-19,2049.3,2085,2194.8,2080,2159.9,2162,2146.38
HDFC,EQ,24-Sep-19,2162,2159.9,2185,2114.25,2131,2130,2138.91
HDFC,EQ,25-Sep-19,2130,2127.05,2127.05,2050.25,2067.85,2069.95,2071.36
HDFC,EQ,26-Sep-19,2069.95,2070.1,2088,2053.8,2065.9,2063.2,2068.89
HDFC,EQ,27-Sep-19,2063.2,2061.25,2096.7,2025.6,2034,2035.9,2061.64
HDFC,EQ,30-Sep-19,2035.9,2035.9,2038.5,1970.05,1977.05,1977.05,1989.56
HDFC,EQ,1-Oct-19,1977.05,1988,2028.95,1962.95,1991.85,1995.65,1994.56
HDFC,EQ,3-Oct-19,1995.65,1990,1999,1951.25,1976.45,1974.55,1971.84
HDFC,EQ,4-Oct-19,1974.55,1992,2016.9,1972.6,1975.05,1978.3,1995.84
HDFC,EQ,7-Oct-19,1978.3,1988.5,1996.8,1963.05,1969,1969.3,1982.09
HDFC,EQ,9-Oct-19,1969.3,1974.85,2005,1964.35,2005,2002,1986.41
HDFC,EQ,10-Oct-19,2002,2000,2000,1971,1987.2,1987.95,1982.85
HDFC,EQ,11-Oct-19,1987.95,1997.95,2025.5,1980.25,2007,2010.15,2006.03
HDFC,EQ,14-Oct-19,2010.15,2017,2031.85,2000,2009,2014.75,2019.41
HDFC,EQ,15-Oct-19,2014.75,2019,2030.4,2009.2,2013,2013.3,2019.15
HDFC,EQ,16-Oct-19,2013.3,2020,2056,2015,2051.8,2048.7,2035.75
HDFC,EQ,17-Oct-19,2048.7,2056.95,2095,2050.1,2085.45,2089.75,2076.46
HDFC,EQ,18-Oct-19,2089.75,2089,2102,2065.1,2096,2094.45,2085.63
HDFC,EQ,22-Oct-19,2094.45,2115,2140.5,2096,2116,2114.9,2116.25
HDFC,EQ,23-Oct-19,2114.9,2116,2148,2104.7,2144.2,2142.95,2131.25
HDFC,EQ,24-Oct-19,2142.95,2150,2174.2,2141.35,2145.15,2144.95,2153.35
HDFC,EQ,25-Oct-19,2144.95,2149,2153.45,2085.25,2101,2101.55,2108.03
HDFC,EQ,27-Oct-19,2101.55,2114.95,2120,2096.8,2103.9,2105.35,2107.65
HDFC,EQ,29-Oct-19,2105.35,2095,2123.55,2079.05,2114.75,2113.05,2102.35
HDFC,EQ,30-Oct-19,2113.05,2134.95,2134.95,2102.6,2103,2107.45,2114.9
HDFC,EQ,31-Oct-19,2107.45,2115,2146.8,2103.65,2137,2131.9,2124.17
HDFC,EQ,1-Nov-19,2131.9,2135.9,2167.25,2120.1,2130.8,2128.6,2142.57
HDFC,EQ,4-Nov-19,2128.6,2140.9,2195,2121.1,2179.8,2181.3,2160.09
HDFC,EQ,5-Nov-19,2181.3,2207.1,2209.8,2164.7,2182.55,2181.3,2185.07
HDFC,EQ,6-Nov-19,2181.3,2188,2228,2162,2221,2220.6,2196.72
HDFC,EQ,7-Nov-19,2220.6,2247.4,2264.8,2236.2,2250,2251,2252.2
HDFC,EQ,8-Nov-19,2251,2242.95,2252.5,2211,2230,2233.2,2238.65
HDFC,EQ,11-Nov-19,2233.2,2228,2239.8,2216,2236.15,2234.55,2229.58
HDFC,EQ,13-Nov-19,2234.55,2227.95,2231.95,2195.45,2207.45,2207.45,2217.78
HDFC,EQ,14-Nov-19,2207.45,2207.9,2232.85,2190.2,2222.8,2226.8,2213.8
HDFC,EQ,15-Nov-19,2226.8,2220.1,2238.75,2208,2226,2224.05,2222.09
HDFC,EQ,18-Nov-19,2224.05,2222.5,2240.85,2210,2239,2236.3,2225.34
HDFC,EQ,19-Nov-19,2236.3,2235.6,2238.75,2202.2,2215.7,2212.1,2218.28
HDFC,EQ,20-Nov-19,2212.1,2215,2221,2193.75,2196,2200.95,2207.67
HDFC,EQ,21-Nov-19,2200.95,2202,2216,2186.2,2210.4,2210.35,2201.62
HDFC,EQ,22-Nov-19,2210.35,2203,2240,2199.3,2240,2237.3,2225.04
HDFC,EQ,25-Nov-19,2237.3,2244.75,2297,2227.4,2294,2294.55,2276.5
HDFC,EQ,26-Nov-19,2294.55,2300,2320,2280.95,2298.8,2304.65,2305.93
HDFC,EQ,27-Nov-19,2304.65,2316,2352,2308.4,2336,2336.3,2331.64
HDFC,EQ,28-Nov-19,2336.3,2339,2346,2295,2307.9,2309.75,2314.53
HDFC,EQ,29-Nov-19,2309.75,2309.75,2316.35,2280.1,2296,2297.25,2292.8
HDFC,EQ,2-Dec-19,2297.25,2316,2316,2263.9,2306.65,2306.6,2298.6
HDFC,EQ,3-Dec-19,2306.6,2310.95,2325,2287.05,2321.9,2319.7,2307.07
HDFC,EQ,4-Dec-19,2319.7,2311.2,2328.7,2286.4,2317,2322.4,2307.9
HDFC,EQ,5-Dec-19,2322.4,2309.2,2333.55,2300,2321.25,2327.55,2319.06
HDFC,EQ,6-Dec-19,2327.55,2326.5,2335,2246.45,2262,2264.65,2280.19
HDFC,EQ,9-Dec-19,2264.65,2263.1,2315.45,2260.05,2308,2311.4,2292.63
HDFC,EQ,10-Dec-19,2311.4,2318.5,2332.9,2288.15,2288.55,2295.15,2309.76
HDFC,EQ,11-Dec-19,2295.15,2302,2328.25,2292.7,2320.15,2321.65,2308.79
HDFC,EQ,12-Dec-19,2321.65,2320.8,2327,2303,2317.25,2318.45,2314.22
HDFC,EQ,13-Dec-19,2318.45,2330.7,2365.95,2318.1,2351.2,2354.5,2348.4
HDFC,EQ,16-Dec-19,2354.5,2356,2384,2343,2375.95,2375.25,2371.46
HDFC,EQ,17-Dec-19,2375.25,2365,2436.55,2359.4,2426.25,2430.1,2410.92
HDFC,EQ,18-Dec-19,2430.1,2427,2459.3,2415.8,2443.5,2445.15,2442.95
HDFC,EQ,19-Dec-19,2445.15,2432.1,2438.5,2405.65,2412.1,2411.9,2421.69
HDFC,EQ,20-Dec-19,2411.9,2415,2425,2378.15,2403.5,2404.1,2399.49
HDFC,EQ,23-Dec-19,2404.1,2404,2433.8,2390,2432,2422.65,2410.86
HDFC,EQ,24-Dec-19,2422.65,2420.6,2444.95,2402.95,2413,2412.75,2428.41
HDFC,EQ,26-Dec-19,2412.75,2412.75,2433.35,2404.3,2416.6,2414.1,2418.84
HDFC,EQ,27-Dec-19,2414.1,2427,2449.55,2418.55,2443,2444.15,2439.89
HDFC,EQ,30-Dec-19,2444.15,2449,2450,2421.5,2440,2438.25,2432.8
HDFC,EQ,31-Dec-19,2438.25,2433,2435,2406.55,2413.05,2412.55,2421.79
HDFC,EQ,1-Jan-20,2412.55,2418,2438.5,2409,2435.75,2433.95,2425.83
HDFC,EQ,2-Jan-20,2433.95,2430,2472.75,2422,2469.9,2466.4,2450.7
HDFC,EQ,3-Jan-20,2466.4,2455,2466.4,2441.8,2452.05,2454.45,2451.88
HDFC,EQ,6-Jan-20,2454.45,2428,2445,2371.4,2389.95,2384.1,2396.09
HDFC,EQ,7-Jan-20,2384.1,2401.25,2428.8,2380.2,2420,2415.05,2406.92
HDFC,EQ,8-Jan-20,2415.05,2387,2413,2385.5,2400,2406.15,2399.4
HDFC,EQ,9-Jan-20,2406.15,2430,2462.7,2421.15,2454,2457.4,2444.29
HDFC,EQ,10-Jan-20,2457.4,2465,2477.65,2440.3,2460,2457.55,2457.59
HDFC,EQ,13-Jan-20,2457.55,2461.1,2471.05,2441,2461.5,2462.55,2452.05
HDFC,EQ,14-Jan-20,2462.55,2463.65,2499.9,2446.6,2488.3,2492.3,2476.4
HDFC,EQ,15-Jan-20,2492.3,2483.95,2495,2453.55,2491.7,2488.6,2478.41
HDFC,EQ,16-Jan-20,2488.6,2486,2495.75,2471.8,2481.45,2482.1,2483.17
HDFC,EQ,17-Jan-20,2482.1,2467.75,2479,2448.25,2452.7,2453.95,2461.39
HDFC,EQ,20-Jan-20,2453.95,2474,2486.55,2440.4,2454.3,2454.35,2458.95
HDFC,EQ,21-Jan-20,2454.35,2443,2485.9,2432,2465,2465.45,2460.71
HDFC,EQ,22-Jan-20,2465.45,2474,2483.35,2412.2,2418,2416.6,2436.65
HDFC,EQ,23-Jan-20,2416.6,2422,2436.4,2404.35,2429,2428.4,2422.03
HDFC,EQ,24-Jan-20,2428.4,2423,2458.6,2411.4,2449.15,2450.75,2440.79
HDFC,EQ,27-Jan-20,2450.75,2433,2445,2388.5,2389.95,2395.8,2415.9
HDFC,EQ,28-Jan-20,2395.8,2413,2471.7,2410,2433.4,2431.6,2444
HDFC,EQ,29-Jan-20,2431.6,2446,2447.5,2400,2406.3,2404.25,2426.93
HDFC,EQ,30-Jan-20,2404.25,2413,2428.7,2386.9,2411,2415,2412.56
HDFC,EQ,31-Jan-20,2415,2417,2434.75,2404.5,2416.4,2414,2418.92
HDFC,EQ,1-Feb-20,2414,2406,2422.7,2252.75,2262,2268.25,2327.26
HDFC,EQ,3-Feb-20,2268.25,2250,2298.05,2228.2,2265,2259.75,2267.4
HDFC,EQ,4-Feb-20,2259.75,2265.6,2351,2265.6,2344.4,2345.95,2322.43
HDFC,EQ,5-Feb-20,2345.95,2345.55,2395.5,2326.2,2390.5,2391.65,2367.47
HDFC,EQ,6-Feb-20,2391.65,2390,2447.8,2369.65,2433,2436.45,2417.21
HDFC,EQ,7-Feb-20,2436.45,2428.1,2452.3,2398.35,2405,2405.65,2420.22
HDFC,EQ,10-Feb-20,2405.65,2405,2425.3,2391.05,2412.1,2414.3,2411.39
HDFC,EQ,11-Feb-20,2414.3,2424.45,2441.75,2420.2,2436,2435.15,2432.03
HDFC,EQ,12-Feb-20,2435.15,2449.5,2487,2427.9,2433,2437.6,2452.85
HDFC,EQ,13-Feb-20,2437.6,2426,2444.15,2399,2404,2403.65,2413.1
HDFC,EQ,14-Feb-20,2403.65,2402,2425.85,2389.4,2400.25,2401.75,2403.91
HDFC,EQ,17-Feb-20,2401.75,2401.75,2406.65,2345.15,2349.9,2350.25,2365
HDFC,EQ,18-Feb-20,2350.25,2349,2349,2304,2324.05,2318.8,2320.71
HDFC,EQ,19-Feb-20,2318.8,2343,2385,2330.05,2379,2377.25,2357.57
HDFC,EQ,20-Feb-20,2377.25,2364,2377.5,2349.05,2368.5,2369.5,2365.67
HDFC,EQ,24-Feb-20,2369.5,2355,2365.2,2280.1,2303.85,2292.3,2311.58
HDFC,EQ,25-Feb-20,2292.3,2309,2320.75,2285,2307,2302.6,2305.4
HDFC,EQ,26-Feb-20,2302.6,2278,2309.5,2253.55,2276.5,2281.45,2284.08
HDFC,EQ,27-Feb-20,2281.45,2279.8,2289.6,2244.55,2265.95,2272.2,2270.66
HDFC,EQ,28-Feb-20,2272.2,2228.55,2228.55,2162.3,2186,2175.75,2191.99
HDFC,EQ,2-Mar-20,2175.75,2215,2248.35,2153.8,2183.7,2179.65,2208.23
HDFC,EQ,3-Mar-20,2179.65,2201.7,2226.9,2173.3,2194.95,2191.4,2196.19
HDFC,EQ,4-Mar-20,2191.4,2207,2216.6,2180.2,2209.1,2206.05,2200.31
HDFC,EQ,5-Mar-20,2206.05,2206,2232.2,2183,2189,2195.05,2206.08
HDFC,EQ,6-Mar-20,2195.05,2145,2145,2092.8,2109.5,2109.45,2112.92
HDFC,EQ,9-Mar-20,2109.45,2067.3,2067.3,1981.2,2025.5,2027.9,2027.04
HDFC,EQ,11-Mar-20,2027.9,1970,2073.85,1970,2040.35,2036.25,2039.08
HDFC,EQ,12-Mar-20,2036.25,1990,1990,1861.1,1874.5,1875.7,1921.57
HDFC,EQ,13-Mar-20,1875.7,1780.05,2123.7,1688.15,2072.65,2066.8,1967.57
HDFC,EQ,16-Mar-20,2066.8,1964,1979.5,1825,1858,1841.75,1898.1
HDFC,EQ,17-Mar-20,1841.75,1858.05,1869.9,1740,1755.85,1755.8,1805.32
HDFC,EQ,18-Mar-20,1755.8,1771,1784.7,1602.4,1633.25,1622.55,1692.03
HDFC,EQ,19-Mar-20,1622.55,1502.1,1703.95,1490.1,1620,1617.6,1582.02
HDFC,EQ,20-Mar-20,1617.6,1624,1776.9,1535.2,1776.9,1753.95,1667.01
HDFC,EQ,23-Mar-20,1753.95,1578.6,1673.25,1500,1520.7,1520.7,1588.03
HDFC,EQ,24-Mar-20,1520.7,1554,1649.7,1473.45,1504.35,1505.1,1555.48
HDFC,EQ,25-Mar-20,1505.1,1476,1655.6,1476,1655.6,1646.05,1573.18
HDFC,EQ,26-Mar-20,1646.05,1689.5,1843.45,1671.2,1755,1733.25,1750.18
HDFC,EQ,27-Mar-20,1733.25,1785.2,1849.65,1710.05,1755.45,1754,1778.98
HDFC,EQ,30-Mar-20,1754,1667.3,1699,1548,1564,1558.75,1618.03
HDFC,EQ,31-Mar-20,1558.75,1625,1666.55,1582,1625,1633.1,1622.46
HDFC,EQ,1-Apr-20,1633.1,1645.5,1693.6,1575.9,1588,1583.5,1608.21
HDFC,EQ,3-Apr-20,1583.5,1575.5,1578.8,1482.25,1499.75,1499.55,1512.61
HDFC,EQ,7-Apr-20,1499.55,1574.7,1577.5,1517.6,1570,1555.15,1542.02
HDFC,EQ,8-Apr-20,1555.15,1543.4,1692,1535,1560,1558.8,1604.88
HDFC,EQ,9-Apr-20,1558.8,1587.7,1714.65,1587.5,1702,1703.1,1669.67
HDFC,EQ,13-Apr-20,1703.1,1725,1763.75,1646.55,1662,1655.2,1680.31
HDFC,EQ,15-Apr-20,1655.2,1708.5,1710,1584.9,1597,1596.3,1643.03
HDFC,EQ,16-Apr-20,1596.3,1590,1663.7,1575,1630,1625.75,1623.76
HDFC,EQ,17-Apr-20,1625.75,1690,1738,1652.4,1680,1680.6,1688.58
HDFC,EQ,20-Apr-20,1680.6,1709.8,1738,1673.4,1734,1727.7,1709.85
HDFC,EQ,21-Apr-20,1727.7,1670,1694.8,1651.1,1665,1669.7,1676.04
HDFC,EQ,22-Apr-20,1669.7,1669.7,1679,1626.15,1670,1664.15,1659.27
HDFC,EQ,23-Apr-20,1664.15,1674.9,1687,1651.6,1656,1663.45,1666.79
HDFC,EQ,24-Apr-20,1663.45,1603,1624.95,1569.1,1588,1580.3,1599.71
HDFC,EQ,27-Apr-20,1580.3,1618.1,1652.15,1585.35,1600.6,1591.45,1620.72
HDFC,EQ,28-Apr-20,1591.45,1615.8,1725,1612.65,1724,1715.8,1671.93
HDFC,EQ,29-Apr-20,1715.8,1734,1845,1726,1827.95,1836.75,1803.34
HDFC,EQ,30-Apr-20,1836.75,1857,1927,1855.5,1916.15,1916,1894.76
HDFC,EQ,4-May-20,1916,1856,1856,1708.3,1724.85,1724.35,1756.37
HDFC,EQ,5-May-20,1724.35,1745,1769.5,1678,1697,1689.9,1723.19
HDFC,EQ,6-May-20,1689.9,1709,1777.55,1680,1735,1732.15,1736.02
HDFC,EQ,7-May-20,1732.15,1730,1745.95,1697.65,1707,1703.9,1716.17
HDFC,EQ,8-May-20,1703.9,1737,1742,1685,1689.75,1689.7,1705.93
HDFC,EQ,11-May-20,1689.7,1712.5,1722,1652.1,1660,1658.45,1682.44
HDFC,EQ,12-May-20,1658.45,1630,1682.8,1587.1,1671.9,1674.1,1626.65
HDFC,EQ,13-May-20,1674.1,1747,1749.5,1698,1716,1712.75,1721.21
HDFC,EQ,14-May-20,1712.75,1685,1693,1628.1,1636.2,1632.4,1656.59
HDFC,EQ,15-May-20,1632.4,1649,1657.75,1609,1634,1633.8,1633.41
HDFC,EQ,18-May-20,1633.8,1633.5,1637.65,1506.4,1518.55,1512.05,1552.96
HDFC,EQ,19-May-20,1512.05,1570,1591.75,1512,1545,1539.85,1553.92
HDFC,EQ,20-May-20,1539.85,1550,1640,1545,1634.5,1627,1587.9
HDFC,EQ,21-May-20,1627,1632.9,1651.8,1590,1595,1597.3,1622.8
HDFC,EQ,22-May-20,1597.3,1582,1596.7,1501.5,1515.85,1516.15,1530.24
HDFC,EQ,26-May-20,1516.15,1516,1568.15,1486,1506.4,1502.15,1513.16
HDFC,EQ,27-May-20,1502.15,1513,1578,1490,1570.55,1570.4,1534.78
HDFC,EQ,28-May-20,1570.4,1580,1643.8,1577,1633,1623.7,1620.61
HDFC,EQ,29-May-20,1623.7,1615.9,1676.35,1590.9,1667,1658.9,1639.09
HDFC,EQ,1-Jun-20,1658.9,1706.6,1764.85,1701.3,1732,1737.7,1737.54
HDFC,EQ,2-Jun-20,1737.7,1737.7,1822.35,1732.15,1817,1813.55,1781.74
HDFC,EQ,3-Jun-20,1813.55,1835.2,1859.45,1823.1,1833,1835.65,1834.98
HDFC,EQ,4-Jun-20,1835.65,1815,1828.4,1759,1761.65,1764.3,1780.4
HDFC,EQ,5-Jun-20,1764.3,1775,1788.95,1740.6,1775,1766.6,1765
HDFC,EQ,8-Jun-20,1766.6,1801,1818.9,1748.35,1764,1760.8,1779.66
HDFC,EQ,9-Jun-20,1760.8,1763.2,1826.75,1746,1771,1772.1,1783.01
HDFC,EQ,10-Jun-20,1772.1,1784,1820,1782,1810.55,1809.3,1799.91
HDFC,EQ,11-Jun-20,1809.3,1805,1826,1781.35,1790,1787.45,1798.66
HDFC,EQ,12-Jun-20,1787.45,1710,1809,1710,1790,1792.2,1758.75
HDFC,EQ,15-Jun-20,1792.2,1786.95,1805.25,1726,1752,1751.65,1752.2
HDFC,EQ,16-Jun-20,1751.65,1785,1834,1768.05,1820,1821.9,1810.53
HDFC,EQ,17-Jun-20,1821.9,1819,1847.15,1786,1793.4,1794.65,1819.98
HDFC,EQ,18-Jun-20,1794.65,1790,1869,1787.3,1847.5,1855.95,1830.89
HDFC,EQ,19-Jun-20,1855.95,1854,1867.5,1814,1840.3,1835.1,1836.92
HDFC,EQ,22-Jun-20,1835.1,1850.8,1874.2,1813.1,1820.5,1819.4,1838.07
HDFC,EQ,23-Jun-20,1819.4,1820,1845,1803.05,1843.15,1838.1,1822.13
HDFC,EQ,24-Jun-20,1838.1,1825,1869,1788.6,1797.65,1797.75,1836.4
HDFC,EQ,25-Jun-20,1797.75,1782.2,1811,1761.9,1775.95,1777.8,1786.92
HDFC,EQ,26-Jun-20,1777.8,1793.85,1799.9,1752.4,1772,1769.35,1769.13
HDFC,EQ,29-Jun-20,1769.35,1755,1775,1726.25,1742.75,1741.15,1738.95
HDFC,EQ,30-Jun-20,1741.15,1751.15,1792.7,1747.2,1761,1754.65,1771.08
HDFC,EQ,1-Jul-20,1754.65,1764,1844.8,1760.4,1836.8,1835.15,1814.94
HDFC,EQ,2-Jul-20,1835.15,1852.95,1899,1842.6,1892.85,1889.45,1876.73
HDFC,EQ,3-Jul-20,1889.45,1905.55,1908,1867.3,1883,1885.2,1884.9
HDFC,EQ,6-Jul-20,1885.2,1903.25,1909.25,1864.55,1871.55,1868.7,1890.7
HDFC,EQ,7-Jul-20,1868.7,1880,1892.35,1857,1883.85,1886.75,1880.18
HDFC,EQ,8-Jul-20,1886.75,1895,1907,1871,1872,1886.05,1892.99
HDFC,EQ,9-Jul-20,1886.05,1871.3,1947.9,1865,1944.5,1941.85,1929.5
HDFC,EQ,10-Jul-20,1941.85,1915,1931.9,1876.25,1888.5,1886,1899.85
HDFC,EQ,13-Jul-20,1886,1905,1907.2,1840,1853.65,1845.55,1862.45
HDFC,EQ,14-Jul-20,1845.55,1825,1825.3,1770.5,1793.1,1791.6,1792.02
HDFC,EQ,15-Jul-20,1791.6,1809,1821.9,1782,1797,1789.9,1803.21
HDFC,EQ,16-Jul-20,1789.9,1792,1794.7,1750,1790,1787.8,1774.16
HDFC,EQ,17-Jul-20,1787.8,1800,1821.95,1784.05,1812.05,1805.85,1806.59
HDFC,EQ,20-Jul-20,1805.85,1844,1844,1801,1804.05,1806.05,1816.19
HDFC,EQ,21-Jul-20,1806.05,1816.5,1900.95,1815,1887,1883.65,1869.58
HDFC,EQ,22-Jul-20,1883.65,1895.5,1898.95,1851.5,1897.7,1881.05,1872.11
HDFC,EQ,23-Jul-20,1881.05,1881.05,1910,1871.6,1872.25,1875.8,1891.88
HDFC,EQ,24-Jul-20,1875.8,1854,1857.8,1817,1841,1841.3,1834.05
HDFC,EQ,27-Jul-20,1841.3,1841.3,1861.95,1824,1853,1850.75,1842.36
HDFC,EQ,28-Jul-20,1850.75,1859.35,1907,1844.5,1892,1897.35,1876.95
HDFC,EQ,29-Jul-20,1897.35,1885,1918.5,1867.2,1879.65,1877.3,1890.21
HDFC,EQ,30-Jul-20,1877.3,1880,1900.7,1804,1804.95,1810.65,1848.21
HDFC,EQ,31-Jul-20,1810.65,1805,1811.2,1759,1786.5,1781.95,1783.75
HDFC,EQ,3-Aug-20,1781.95,1781,1781.95,1730.1,1744,1739.8,1756.06
HDFC,EQ,4-Aug-20,1739.8,1749,1794.45,1743.4,1783.85,1781.1,1773.16
HDFC,EQ,5-Aug-20,1781.1,1784.4,1811.5,1766.25,1780,1776.7,1787.48
HDFC,EQ,6-Aug-20,1776.7,1798.25,1805.7,1762.05,1778.45,1783.75,1784.36
HDFC,EQ,7-Aug-20,1783.75,1774.95,1781.8,1763,1779.9,1777.7,1773.89
HDFC,EQ,10-Aug-20,1777.7,1794,1811,1789.3,1796.6,1798.95,1800.45
HDFC,EQ,11-Aug-20,1798.95,1813,1846.75,1810.5,1829,1826.75,1834.41
HDFC,EQ,12-Aug-20,1826.75,1825.75,1837.7,1802,1821,1814.2,1820.21
HDFC,EQ,13-Aug-20,1814.2,1818.5,1823.65,1799.55,1810,1804.85,1807.52
HDFC,W3,13-Aug-20,180,310.2,339,299,300,299.95,311.5
HDFC,EQ,14-Aug-20,1804.85,1818.6,1823.75,1773.25,1793.75,1791.7,1796.65
HDFC,W3,14-Aug-20,299.95,300,320,300,309.95,309,310.64
HDFC,EQ,17-Aug-20,1791.7,1805,1807.85,1783.85,1801.95,1800.55,1795.17
HDFC,W3,17-Aug-20,309,315,319.5,312,314.95,315.4,315.02
HDFC,EQ,18-Aug-20,1800.55,1801.1,1825.4,1795.95,1819.05,1820.7,1813.53
HDFC,W3,18-Aug-20,315.4,319.9,325,319.9,321.2,322.25,322.27
HDFC,EQ,19-Aug-20,1820.7,1835,1835.9,1818.05,1827.55,1827.95,1828.01
HDFC,W3,19-Aug-20,322.25,325,329,323,324.9,323.25,324.84
HDFC,EQ,20-Aug-20,1827.95,1803,1807.95,1782.25,1786.2,1785.15,1792.46
HDFC,W3,20-Aug-20,323.25,310.25,323,310.1,320,320.7,317.71
HDFC,EQ,21-Aug-20,1785.15,1800,1824.7,1787.15,1803,1804.05,1808.25
HDFC,W3,21-Aug-20,320.7,327.75,335,324,328.5,328.5,332.07
HDFC,EQ,24-Aug-20,1804.05,1814.95,1849,1811,1828.1,1829.85,1834.18
HDFC,W3,24-Aug-20,328.5,338,342.95,335,335,337.7,339.94
HDFC,EQ,25-Aug-20,1829.85,1843.75,1852.4,1817.05,1831.4,1829.6,1834.86
HDFC,W3,25-Aug-20,337.7,344,344,333,335,335,336.14
HDFC,EQ,26-Aug-20,1829.6,1837,1837.8,1803.6,1810.75,1816,1816.89
HDFC,W3,26-Aug-20,335,333,335,332,333.8,333.8,333.3
HDFC,EQ,27-Aug-20,1816,1832,1883,1830,1863.5,1864.1,1864.76
HDFC,W3,27-Aug-20,333.8,340,344,338,339.95,339.55,340.57
HDFC,EQ,28-Aug-20,1864.1,1871,1889,1862.8,1881,1883.25,1879.87
HDFC,W3,28-Aug-20,339.55,340,347.8,335.3,344,345.3,340.46
HDFC,EQ,31-Aug-20,1883.25,1898.5,1921.9,1797.55,1825,1832.6,1852.71
HDFC,W3,31-Aug-20,345.3,352.75,352.75,320,327,331.7,335.39
HDFC,EQ,1-Sep-20,1832.6,1858,1884,1831.85,1850.95,1851.2,1856.63
HDFC,W3,1-Sep-20,331.7,338.95,339,322,336,336.55,334.92
HDFC,EQ,2-Sep-20,1851.2,1849.85,1849.95,1810,1829.5,1827.2,1827.63
HDFC,W3,2-Sep-20,336.55,322,335.05,322,335,334.7,333.1
HDFC,EQ,3-Sep-20,1827.2,1831,1842.8,1803.45,1811.25,1808.75,1818.65
HDFC,W3,3-Sep-20,334.7,336,336,330.2,330.2,330.35,331.89
HDFC,EQ,4-Sep-20,1808.75,1783.6,1789,1761.8,1771,1769.7,1774.11
HDFC,W3,4-Sep-20,330.35,328.5,332,325,328,328,329.23
HDFC,EQ,7-Sep-20,1769.7,1773,1801.45,1760,1790.1,1791.1,1784.97
HDFC,W3,7-Sep-20,328,330,330.45,327,328,327.85,329.16
HDFC,EQ,8-Sep-20,1791.1,1785.1,1793.25,1770.8,1775.35,1777.3,1782.9
HDFC,W3,8-Sep-20,327.85,329.85,329.95,326.25,326.25,326.25,328.51
HDFC,EQ,9-Sep-20,1777.3,1759.55,1777.9,1755,1763.5,1760.75,1761.89
HDFC,W3,9-Sep-20,326.25,322.15,325.95,320,324.95,324.95,323.75
HDFC,EQ,10-Sep-20,1760.75,1781,1792.95,1760,1770.5,1777.45,1774.76
HDFC,W3,10-Sep-20,324.95,321.05,324,321,322.05,322.7,323.55
HDFC,EQ,11-Sep-20,1777.45,1771,1786,1760,1765.05,1768.15,1768.63
HDFC,W3,11-Sep-20,322.7,322.05,322.05,315.25,318,318,318.31
HDFC,EQ,14-Sep-20,1768.15,1781,1796.85,1728.4,1736.05,1738,1759.24
HDFC,W3,14-Sep-20,318,318,320,310.1,314,313.15,317.4
HDFC,EQ,15-Sep-20,1738,1754.9,1777,1742.8,1763,1758.75,1760.23
HDFC,W3,15-Sep-20,313.15,315.05,315.05,311.55,315,315,314.84
HDFC,EQ,16-Sep-20,1758.75,1766,1774.7,1743.45,1768,1768.15,1759.83
HDFC,W3,16-Sep-20,315,320,324,315.1,319,318.8,319.81
HDFC,EQ,17-Sep-20,1768.15,1750,1773.2,1736.5,1749,1744.35,1749.72
HDFC,W3,17-Sep-20,318.8,319.95,320.1,318.05,318.05,318.05,320.02
HDFC,EQ,18-Sep-20,1744.35,1752.9,1754.75,1708.3,1732.6,1724,1730.17
HDFC,W3,18-Sep-20,318.05,317.25,318.45,312,314.95,314.95,315.56
HDFC,EQ,21-Sep-20,1724,1722.8,1738.75,1701.85,1707.75,1708.15,1723.01
HDFC,W3,21-Sep-20,314.95,315,317.95,310,310,310,312.2
HDFC,EQ,22-Sep-20,1708.15,1716.25,1716.25,1672,1676.4,1674.85,1686.53
HDFC,W3,22-Sep-20,310,301.1,305,297.1,300,300,303.42
HDFC,EQ,23-Sep-20,1674.85,1694,1696.65,1650.4,1667,1667.1,1673.26
HDFC,W3,23-Sep-20,300,298,301,297,298.2,298.2,299.8
HDFC,EQ,24-Sep-20,1667.1,1646.8,1654.15,1623,1636.25,1636.85,1637.34
HDFC,W3,24-Sep-20,298.2,299.95,300,295.7,300,300,299.28
HDFC,EQ,25-Sep-20,1636.85,1651.95,1657.8,1628.1,1652.75,1652,1645.77
HDFC,W3,25-Sep-20,300,299.95,300,296.15,300,300,299.4
HDFC,EQ,28-Sep-20,1652,1672.9,1692.6,1658,1685,1681.45,1678.77
HDFC,W3,28-Sep-20,300,300,300,298,300,300,299.89
HDFC,EQ,29-Sep-20,1681.45,1692,1720,1682.1,1712.65,1713.1,1701.62
HDFC,W3,29-Sep-20,300,300,300.5,299,299,299,299.99
HDFC,EQ,30-Sep-20,1713.1,1716.9,1744.25,1703.2,1733,1740.05,1728.35
HDFC,W3,30-Sep-20,299,295,299.95,295,298.5,298.5,298.77
HDFC,EQ,1-Oct-20,1740.05,1755,1799.85,1750,1787.8,1790.65,1784.49
HDFC,W3,1-Oct-20,298.5,300,300,298.1,300,299.55,299.92
HDFC,EQ,5-Oct-20,1790.65,1784,1816.5,1775.7,1782.35,1785.1,1799.82
HDFC,W3,5-Oct-20,299.55,304.95,305,300,304,304.95,304.58
HDFC,EQ,6-Oct-20,1785.1,1803.15,1943.7,1803.15,1920,1934.4,1896.91
HDFC,W3,6-Oct-20,304.95,314.95,321.7,309,320,319.95,316.82
HDFC,EQ,7-Oct-20,1934.4,1945,1964.85,1908.85,1952,1948.75,1941.72
HDFC,W3,7-Oct-20,319.95,319.7,320,317,319.95,318.85,319.56
HDFC,EQ,8-Oct-20,1948.75,1952.5,1988.45,1938.5,1947.8,1949.25,1965.11
HDFC,W3,8-Oct-20,318.85,319.95,329.95,319,320.25,321.7,322.41
HDFC,EQ,9-Oct-20,1949.25,1945,2029.85,1938,1966,1957.65,1987.39
HDFC,W3,9-Oct-20,321.7,326.7,346.7,322.5,332.4,330.25,329.62
HDFC,EQ,12-Oct-20,1957.65,1965,1998.95,1942.3,1963.95,1965.4,1967.77
HDFC,W3,12-Oct-20,330.25,337.85,337.85,330,332,333.15,332.29
HDFC,EQ,13-Oct-20,1965.4,1962,1986.65,1930.55,1939,1943.4,1955.06
HDFC,W3,13-Oct-20,333.15,331.05,331.05,325,325,325,329.57
HDFC,EQ,14-Oct-20,1943.4,1935,1989,1919.05,1978.1,1979.85,1950.1
HDFC,W3,14-Oct-20,325,321.1,330,321,330,329.95,328.91
HDFC,EQ,15-Oct-20,1979.85,1983,2020,1938.25,1947.05,1947.2,1983.18
HDFC,W3,15-Oct-20,329.95,330,342.2,319,320,320,329.88
HDFC,EQ,16-Oct-20,1947.2,1948.4,1983.7,1939.35,1958.6,1961.7,1959.14
HDFC,W3,16-Oct-20,320,320.05,326,320.05,326,326,324.01
HDFC,EQ,19-Oct-20,1961.7,1985,2039.9,1983.1,2033.25,2031.5,2020.74
HDFC,W3,19-Oct-20,326,333.85,333.85,330,332.9,332.35,331.44
HDFC,EQ,20-Oct-20,2031.5,2025,2041.7,2004.05,2017.1,2015.3,2021.91
HDFC,W3,20-Oct-20,332.35,330.9,333,326,329,329.55,329.57
HDFC,EQ,21-Oct-20,2015.3,2030,2067.45,2005.35,2045.8,2048.75,2047.11
HDFC,W3,21-Oct-20,329.55,333,349,333,345.15,344.4,343.91
HDFC,EQ,22-Oct-20,2048.75,2038.3,2063,2023.15,2046,2042.55,2042.61
HDFC,W3,22-Oct-20,344.4,344.75,349.9,343,345,345,345.05
HDFC,EQ,23-Oct-20,2042.55,2056,2067.9,2046,2062.75,2059.7,2055.96
HDFC,W3,23-Oct-20,345,349.5,371,349.5,365,365,358.72
HDFC,EQ,26-Oct-20,2059.7,2058,2083.95,2052.75,2073,2073.35,2069.01
HDFC,W3,26-Oct-20,365,375,378.9,363,370,370,369.24
HDFC,EQ,27-Oct-20,2073.35,2056,2064.8,2027,2029.75,2041.35,2050.39
HDFC,W3,27-Oct-20,370,363,371,361,364,368.15,364.78
HDFC,EQ,28-Oct-20,2041.35,2045,2045,1965,1969.1,1968.9,1985.57
HDFC,W3,28-Oct-20,368.15,362,362,348.05,348.1,348.55,353.14
HDFC,EQ,29-Oct-20,1968.9,1941.25,1970,1927.3,1937.55,1934.3,1947.27
HDFC,W3,29-Oct-20,348.55,346.9,352,346.5,351.45,351.25,349.79
HDFC,EQ,30-Oct-20,1934.3,1930,1947,1906.85,1921,1923.55,1925.59
HDFC,W3,30-Oct-20,351.25,347,350,346,350,350,349.59
HDFC,EQ,2-Nov-20,1923.55,1916,2065,1916,2022.3,2040.8,1994.92
HDFC,W3,2-Nov-20,350,348.55,385,347,374,377.45,361.3
HDFC,EQ,3-Nov-20,2040.8,2030,2139.65,2030,2121.35,2130.95,2103.77
HDFC,W3,3-Nov-20,377.45,384,415.15,382,415.15,415.15,409.84
HDFC,EQ,4-Nov-20,2130.95,2111.1,2134.95,2056.4,2085,2088.2,2091.7
HDFC,W3,4-Nov-20,415.15,415,450,412.55,440,442.6,430.43
HDFC,EQ,5-Nov-20,2088.2,2106,2120,2084.3,2102.3,2100.7,2099.14
HDFC,W3,5-Nov-20,442.6,440,452.9,434.05,435,435,442.99
HDFC,EQ,6-Nov-20,2100.7,2110,2145,2102.45,2136.35,2138.45,2126.85
HDFC,W3,6-Nov-20,435,446.9,458,445.15,445.15,445.15,453.39
HDFC,EQ,9-Nov-20,2138.45,2150,2169.95,2138.2,2156,2152.1,2154.09
HDFC,W3,9-Nov-20,445.15,459.95,489.65,459.9,479,479,477.74
HDFC,EQ,10-Nov-20,2152.1,2185,2288.8,2175.55,2268.95,2272.1,2246.62
HDFC,W3,10-Nov-20,479,509.7,526.9,506,526.9,526.9,513.88
HDFC,EQ,11-Nov-20,2272.1,2279,2337,2273,2318,2324.3,2307.35
HDFC,W3,11-Nov-20,526.9,570,576.9,528.5,561,558.15,558.99
HDFC,EQ,12-Nov-20,2324.3,2297.25,2343.8,2267.45,2326.05,2332.1,2300.57
HDFC,W3,12-Nov-20,558.15,535,559.9,527,553,552.55,545.76
HDFC,EQ,13-Nov-20,2332.1,2320,2323.3,2284,2306.7,2306.75,2304.09
HDFC,W3,13-Nov-20,552.55,540,540,527,528,528.65,529.24
HDFC,EQ,14-Nov-20,2306.75,2320,2329.35,2304,2312.6,2311.25,2314.53
HDFC,W3,14-Nov-20,528.65,537.95,540,535,539,538.65,537.74
HDFC,EQ,17-Nov-20,2311.25,2339.9,2364.75,2307.4,2344.85,2349,2332.31
HDFC,W3,17-Nov-20,538.65,545,558.25,530,555,555.3,544.56
HDFC,EQ,18-Nov-20,2349,2336.7,2369.4,2320.3,2360,2364.9,2348.24
HDFC,W3,18-Nov-20,555.3,540.05,570,540.05,570,570,558.53
HDFC,EQ,19-Nov-20,2364.9,2336,2351.9,2311,2327.5,2324.6,2327.23
HDFC,W3,19-Nov-20,570,541.05,555,541.05,548.5,548.1,549.43
HDFC,EQ,20-Nov-20,2324.6,2330,2386.55,2326.55,2329,2334.8,2349.94
HDFC,W3,20-Nov-20,548.1,540,575,540,559.45,552.7,559.78
HDFC,EQ,23-Nov-20,2334.8,2344.2,2347.85,2230.1,2253.05,2250.8,2266.43
HDFC,W3,23-Nov-20,552.7,540.05,540.05,498.5,504,505.8,510.17
HDFC,EQ,24-Nov-20,2250.8,2272.25,2272.25,2209.55,2220,2217.7,2232.36
HDFC,W3,24-Nov-20,505.8,509.4,518.8,500,500.15,501.1,508.45
HDFC,EQ,25-Nov-20,2217.7,2228,2252.15,2179.3,2186.8,2191.35,2210.08
HDFC,W3,25-Nov-20,501.1,502,529,497.15,525,518.75,513.69
HDFC,EQ,26-Nov-20,2191.35,2197.15,2245,2187.65,2242.7,2238.4,2215.19
HDFC,W3,26-Nov-20,518.75,525.9,525.9,515.1,525,525,522.41
HDFC,EQ,27-Nov-20,2238.4,2240,2272.45,2202.2,2238,2256.25,2239.94
HDFC,W3,27-Nov-20,525,525,545,521,535,542.1,528.67
HDFC,EQ,1-Dec-20,2256.25,2237,2324,2217.65,2296.2,2306.95,2283.03
HDFC,W3,1-Dec-20,542.1,550,578,541.05,572,575.3,565.82
HDFC,EQ,2-Dec-20,2306.95,2300,2304,2252.5,2274,2276.35,2276.62
HDFC,W3,2-Dec-20,575.3,571,571,549,549,549,552.14
HDFC,EQ,3-Dec-20,2276.35,2287,2289.45,2235,2252.75,2253.95,2257.07
HDFC,W3,3-Dec-20,549,559,559,539,542.55,542.7,542
HDFC,EQ,4-Dec-20,2253.95,2253.95,2284.9,2231.6,2247.2,2245.9,2253.16
HDFC,W3,4-Dec-20,542.7,550,560,540,543,545.35,548.29
HDFC,EQ,7-Dec-20,2245.9,2240,2309.7,2221.2,2303,2303.8,2281.8
HDFC,W3,7-Dec-20,545.35,550,577.9,550,575,571.8,567.63
